ShortID,ID,City,Country,Status,Network,Agency,,
AACR,AACR00CRI,Pavas,Costa Rica,active,,AyA,more,
AB21,AB2100USA,Adak,AK,USA,active,US-CORS,UNAVCO,more,
AB43,AB4300USA,Cape Spencer,AK,USA,active,US-CORS,UNAVCO,more,
ABCC,ABCC00COL,Bogotá,Colombia,active,MAGNA-ECO,EABB,more,
ABEC,ABEC00ECU,Ambato,Ecuador,active,REGME,IGM-EC,GADM,more,
ABMF,ABMF00GLP,Guadeloupe,France,active,IGS14,ITRF2014,IGN-Fr,Météo France,more,
ABPD,ABPD00COL,Bogotá,Colombia,active,MAGNA-ECO,EABB,more,
ABPW,ABPW00COL,Bogotá,Colombia,inactive,MAGNA-ECO,EABB,more,
ABRA,ABRA00ARG,Abra Pampa,Argentina,removed,RAMSAC,IGN-AR,EJESA,more,
AC24,AC2400USA,King Salmon,AK,USA,active,US-CORS,UNAVCO,more,
AC43,AC4300USA,Seward,AK,USA,inactive,US-CORS,UNAVCO,more,
AC58,AC5800USA,St. Paul,AK,USA,inactive,US-CORS,UNAVCO,more,
ACSO,ACSO00USA,Delaware,OH,USA,active,US-CORS,UNAVCO,more,
AGCA,AGCA00COL,Aguachica,Colombia,inactive,MAGNA-ECO,IGAC,more,
AGGO,AGGO00ARG,La Plata,Argentina,active,IGS,RAMSAC,AGGO,CONICET,BKG,more,
ALAR,ALAR00BRA,Arapiraca,Brazil,active,RBMC,IBGE,more,
ALBE,ALBE00COL,San Alberto,Colombia,active,MAGNA-ECO,IGAC,more,
ALEC,ALEC00ECU,Alausi,Ecuador,active,REGME,IGM-EC,more,
ALGO,ALGO00CAN,Algonquin Park,Canada,active,IGb14,ITRF2014,CSRS,NRCan-CGS,more,
ALMA,ALMA00BRA,Maceio,Brazil,active,RBMC,IBGE,UFAL,more,
ALTA,ALTA00ARG,Los Altares,Argentina,active,RAMSAC,IGN-AR,Los Altares,more,
ALUM,ALUM00ARG,Alumbrera,Argentina,active,RAMSAC,Minera Alumbrera,IGN-AR,more,
AM04,AM0400PER,Nieva,Peru,active,REGPMOC,IGN-PE,more,
AMBC,AMBC00BRA,Barcelos,Brazil,removed,RBMC,IBGE,more,
AMCO,AMCO00BRA,Porto Urucu,Brazil,active,RBMC,IBGE,more,
AMCR,AMCR00BRA,Coari,Brazil,active,RBMC,IBGE,more,
AMHA,AMHA00BRA,Humaita,Brazil,active,RBMC,IBGE,UEA,more,
AMPR,AMPR00BRA,Parintins,Brazil,removed,RBMC,IBGE,more,
AMPT,AMPT00BRA,Parintins,Brazil,removed,RBMC,IBGE,UFAM,more,
AMTE,AMTE00BRA,Tefe,Brazil,active,RBMC,IBGE,more,
AMTG,AMTG00BRA,Tabatinga,Brazil,active,RBMC,IBGE,more,
AMUA,AMUA00BRA,Manaus,Brazil,active,RBMC,IBGE,UEA,more,
AN02,AN0200PER,Chimbote,Peru,active,REGPMOC,SSACH,IGN-PE,more,
ANDS,ANDS00COL,San Andres,Colombia,removed,MAGNA-ECO,IGAC,FAC-GACAR,more,
ANGO,ANGO00CHL,Angol,Chile,removed,,DGFI,UDEC,IGM-CL,more,
ANTC,ANTC00CHL,Los Angeles,Chile,active,IGS,ITRF2014,G2,UdeC-DG,more,
ANTF,ANTF00CHL,Antofagasta,Chile,active,IGS,UANTOF,USACH,more,
AOML,AOML00USA,Key Biscayne,USA,removed,IGS,ITRF2014,NOAA-NGS,more,
AP01,AP0100PER,Abancay,Peru,active,REGPMOC,SGRAAB,IGN-PE,more,
APLJ,APLJ00BRA,Laranjal do Jari,Brazil,active,RBMC,IBGE,IFAP,more,
APMA,APMA00BRA,Macapa,Brazil,active,RBMC,IBGE,DTCEA-MQ,more,
APS1,APS100BRA,Santana,Brazil,active,RBMC,IBGE,more,
APSA,APSA00BRA,Santana,Brazil,removed,RBMC,IBGE,more,
APTO,APTO00COL,Apartado,Colombia,removed,MAGNA-ECO,IGAC,CORPOURABA,more,
AQ01,AQ0100PER,Arequipa,Peru,active,REGPMOC,IGN-PE,more,
ARCA,ARCA00COL,Arauca,Colombia,active,MAGNA-ECO,IGAC,more,
AREQ,AREQ00PER,Arequipa,Peru,active,IGS14-Core,ITRF2014,JPL,UNAVCO,more,
ASC1,ASC100SHN,Ascension,UK,removed,IGS14-Core,ITRF2014,JPL,UNAVCO,CICESE,more,
ASCG,ASCG00SHN,Ascension,United Kingdom,active,IGS,ESA,CNES,more,
ASPA,ASPA00USA,Pago Pago,AS,USA,inactive,IGS,ITRF2014,US-CORS,ASDOC,NOAA-NGS,more,
ATW2,ATW200USA,Palmer,AK,USA,active,IGS,US-CORS,UNAVCO,more,
AUTF,AUTF00ARG,Ushuaia,Argentina,active,ITRF2014,RAMSAC,CERI,IGN-AR,more,
AV09,AV0900USA,Unalaska,AK,USA,active,US-CORS,UNAVCO,more,
AY02,AY0200PER,Coracora,Peru,active,REGPMOC,IGN-PE,more,
AZUE,AZUE00PAN,Chitre,Panama,removed,Panama-CORS,IGNTG,more,
AZUL,AZUL00ARG,Azul,Argentina,active,RAMSAC,UNC-AR,IGN-AR,more,
BABJ,BABJ00BRA,Bom Jesus da Lapa,Brazil,active,RBMC,IBGE,more,
BABR,BABR00BRA,Barreiras,Brazil,active,RBMC,IBGE,more,
BAIL,BAIL00BRA,Ilheus,Brazil,active,RBMC,IBGE,more,
BAIR,BAIR00BRA,Irece,Brazil,removed,RBMC,IBGE,more,
BAIT,BAIT00BRA,Itaberaba,Brazil,active,RBMC,IBGE,UNEB,more,
BAKE,BAKE00CAN,Baker Lake,Canada,active,IGS,ITRF2014,CSRS,NRCan-CGS,more,
BANS,BANS00VEN,Barinas,Venezuela,removed,REMOS,IGVSB,more,
BAPA,BAPA00BRA,Paulo Afonso,Brazil,active,RBMC,IBGE,IFBA,more,
BARI,BARI00GTM,Huehuetenando,Guatemala,removed,CORS-GT,IGN-GT,more,
BATF,BATF00BRA,Teixeira de Freitas,Brazil,active,RBMC,IBGE,more,
BAVC,BAVC00BRA,Vitória da Conquista,Brazil,active,RBMC,IBGE,more,
BCAR,BCAR00ARG,Balcarce,Argentina,active,RAMSAC,INTA,IGN-AR,more,
BCH1,BCH100ARG,Bariloche,Argentina,active,RAMSAC,DGC Rio Negro,IGN-Ar,more,
BDOS,BDOS00BRB,Barbados,Barbados,removed,IGS,NOAA-NGS,CZMU,more,
BECE,BECE00COL,Becerril,Colombia,inactive,MAGNA-ECO,IGAC,more,
BEJA,BEJA00COL,Barrancabermeja,Colombia,active,MAGNA-ECO,IGAC,more,
BELE,BELE00BRA,Belem,Brazil,active,IGS,ITRF2014,RBMC,RIBaC,IBGE,INCRA,SIPAM,more,
BEPA,BEPA00BRA,Belem,Brazil,active,RBMC,IBGE,INPE,more,
BERR,BERR00COL,Puerto Berrio,Colombia,inactive,MAGNA-ECO,IGAC,UDEA-SMM,more,
BFNY,BFNY00USA,Buffalo,NY,USA,active,US-CORS,NGS,more,
BHEC,BHEC00ECU,Babahoyo,Ecuador,active,REGME,IGM-EC,more,
BJCO,BJCO00BEN,Cotonou,Benin,inactive,IGS14,ITRF2014,IGN-BJ,more,
BLPZ,BLPZ00BOL,El Alto,Bolivia,active,MARGEN,IGM-BO,more,
BNGA,BNGA00COL,Bucaramanga,Colombia,inactive,MAGNA-ECO,IGAC,more,
BOAV,BOAV00BRA,Boa Vista,Brazil,active,IGS,ITRF2014,RBMC,IBGE,more,
BOGA,BOGA00COL,Bogota,Colombia,active,MAGNA-ECO,IGAC,DGFI,more,
BOGT,BOGT00COL,Bogota,Colombia,active,IGS,ITRF2014,MAGNA-ECO,JPL,UNAVCO,Ingeominas,more,
BOMJ,BOMJ00BRA,Bom Jesus da Lapa,Brazil,removed,ITRF2014,RBMC,RIBaC,IBGE,INCRA,Marinha,more,
BOSC,BOSC00COL,Bosconia,Colombia,active,MAGNA-ECO,IGAC,more,
BQLA,BQLA00COL,Barranquilla,Colombia,active,MAGNA-ECO,IGAC,UdelN,more,
BRAZ,BRAZ00BRA,Brasilia,Brazil,active,IGS14,ITRF2014,RBMC,RIBaC,IBGE,INCRA,more,
BRBR,BRBR00CRI,Bribrí,Costa Rica,active,,IGN-CR,more,
BREW,BREW00USA,Brewster,WA,USA,active,IGb14,ITRF2014,US-CORS,NRAO,JPL,more,
BRFT,BRFT00BRA,Eusebio,Brazil,inactive,IGS14,ITRF2014,RBMC,NOAA-NGS,INPE,more,
BRMU,BRMU00GBR,Bermuda,United Kingdom,removed,IGS14,ITRF2014,NOAA-NGS,BBSR,more,
BSUC,BSUC00BOL,Sucre,Bolivia,active,MARGEN,IGM-BO,more,
BUCA,BUCA00COL,Bucaramanga,Colombia,removed,MAGNA-ECO,IGAC,CDMB,more,
BUE2,BUE200ARG,San Martin,Bs As,Argentina,removed,IGS,ITRF2014,NGA,more,
BUEN,BUEN00COL,Buenaventura,Colombia,active,ITRF2014,MAGNA-ECO,TIGA,IGAC,UniValle-SP,more,
CALI,CALI00COL,Cali,Colombia,active,MAGNA-ECO,IGAC,UniValle-OSSO,more,
CALL,CALL00PER,El Callao,Peru,removed,ITRF2014,TIGA,DGFI,IGN-PE,more,
CAM2,CAM200MEX,Campeche,Mexico,removed,ITRF2014,RGNA,INEGI,more,
CART,CART00COL,Cartagena,Colombia,active,ITRF2014,MAGNA-ECO,TIGA,IGAC,DIMAR,CIOH,DGFI,more,
CASI,CASI00COL,Caucasia,Colombia,active,MAGNA-ECO,IGAC,more,
CATA,CATA00ARG,San Fernando/Catamarca,Argentina,active,ITRF2014,RAMSAC,AGC-Catamarca,IGN-AR,more,
CATR,CATR00GTM,Santa Catarina Mita,Guatemala,removed,CORS-GT,IGN-GT,more,
CBMB,CBMB00BOL,Cotapachi,Bolivia,active,MARGEN,IGM-BO,more,
CBSB,CBSB00CYM,Stake Bay,Cayman Islands,UK,removed,,CIG,more,
CEEC,CEEC00ECU,Celica,Ecuador,active,REGME,IGM-EC,more,
CEEU,CEEU00BRA,Euzébio,Brazil,active,RBMC,RIBaC,IBGE,INPE,more,
CEFE,CEFE00BRA,Vitoria,Brazil,active,ITRF2014,RBMC,IBGE,more,
CEFT,CEFT00BRA,Fortaleza - Porto,Brazil,active,RBMC,,more,
CESB,CESB00BRA,Sobral,Brazil,active,RBMC,IBGE,CCS-UVA,more,
CFAG,CFAG00ARG,Caucete,Argentina,removed,IGS14,ITRF2014,RAMSAC,CERI,more,
CHAC,CHAC00ARG,Resistencia,Argentina,active,RAMSAC,APA-Chaco,IGN-AR,more,
CHEC,CHEC00ECU,El Chaco,Ecuador,active,REGME,IGM-EC,more,
CHEP,CHEP00PAN,Chepo,Panama,active,Panama-CORS,IGNTG,more,
CHET,CHET00MEX,Chetumal,Mexico,active,ITRF2014,RGNA,INEGI,more,
CHIH,CHIH00MEX,Chihuahua,Mexico,removed,RGNA,INEGI,more,
CHIS,CHIS00GTM,Chisec,Guatemala,removed,CORS-GT,IGN-GT,more,
CHLS,CHLS00CRI,Los Chiles,Costa Rica,active,,IGN-CR,more,
CHPI,CHPI00BRA,Cachoeira,Brazil,active,IGS14-Core,ITRF2014,RBMC,JPL,UNAVCO,INPE,more,
CHTI,CHTI00NZL,Chatham Island,New Zealand,active,IGS14,ITRF2014,GNS Science,more,
CHUR,CHUR00CAN,Churchill,Canada,active,IGb14,ITRF2014,CSRS,NRCan-CGS,more,
CIC1,CIC100MEX,Ensenada,Mexico,removed,IGS,RGNA,JPL,UNAVCO,CICESE,more,
CIQE,CIQE00CRI,Ciudad Quesada,Costa Rica,active,,IGN-CR,more,
CJ01,CJ0100PER,Cajamarca,Peru,active,REGPMOC,IGN-PE,more,
CKIS,CKIS00COK,Cook Islands,active,IGS14-Core,ITRF2014,GA,more,
CLEC,CLEC00ECU,Celica,Ecuador,removed,REGME,IGM-EC,more,
CN19,CN1900ABW,Noord,Aruna,active,COCONET,UNAVCO,more,
CN39,CN3900VEN,Quebrada Arriba,Venezuela,removed,COCONET,UNAVCO,more,
CN41,CN4100VEN,El Baul,Venezuela,active,COCONET,UNAVCO,more,
COEC,COEC00ECU,Tulcan,Ecuador,active,REGME,IG-EPN,IGM-EC,more,
COL2,COL200MEX,Colima,Mexico,active,RGNA,INEGI,more,
CONZ,CONZ00CHL,Concepcion,Chile,removed,IGS14,ITRF2014,BKG,UdeC-DG,more,
COPO,COPO00CHL,Copiapo,Chile,removed,IGS,ITRF2014,G2,IGM-CL,more,
CORD,CORD00ARG,Cordoba,Argentina,active,IGS,RAMSAC,JPL,UNAVCO,CONAE,more,
CORU,CORU00BRA,Corumbá,Brazil,active,RBMC,IBGE,UFMS,more,
COYQ,COYQ00CHL,Coyhaique,Chile,removed,IGS,ITRF2014,G2,IGM-CL,more,
CPVG,CPVG00CPV,Espargos,Cape Verde,active,IGS,INMG,CNES,more,
CRAT,CRAT00BRA,Crato,Brazil,active,RBMC,RIBaC,IBGE,INCRA,URCA,more,
CRCS,CRCS00VEN,Caracas,Venezuela,removed,REMOS,IGVSB,more,
CRLP,CRLP00CRI,Pavas,Costa Rica,active,,CENAT,more,
CRO1,CRO100VIR,Saint Croix,USA,active,IGS14-Core,ITRF2014,JPL,UNAVCO,NRAO,more,
CRUZ,CRUZ00BRA,Cruzeiro do Sul,Brazil,active,RBMC,IBGE,more,
CS01,CS0100PER,Wanchaq,Peru,active,REGPMOC,IGN-PE,more,
CSLO,CSLO00ARG,Calingasta,Argentina,active,RAMSAC,CASLEO,CERI,more,
CUCU,CUCU00COL,Cucuta,Colombia,active,ITRF2014,MAGNA-ECO,IGAC,UFPS,more,
CUEC,CUEC00ECU,Cuenca,Ecuador,active,REGME,IGM-EC,more,
CUIB,CUIB00BRA,Cuiaba,Brazil,active,ITRF2014,RBMC,RIBaC,IBGE,INCRA,INPE,more,
CULC,CULC00MEX,Culiacan,Mexico,active,RGNA,INEGI,more,
CULI,CULI00MEX,Culiacan,Mexico,removed,RGNA,INEGI,more,
CUM3,CUM300VEN,Cumana,Venezuela,removed,REMOS,IGVSB,more,
CXEC,CXEC00ECU,Latacunga,Ecuador,active,REGME,IGM-EC,more,
CYNE,CYNE00GUF,Cayenne,French Guiana,active,RGP,Meteo France,IGN-SGN,more,
DARI,DARI00PAN,Darien,Panama,inactive,Panama-CORS,IGNTG,more,
DAVI,DAVI00PAN,David,Panama,active,Panama-CORS,IGNTG,more,
DORA,DORA00COL,La Dorada,Colombia,active,MAGNA-ECO,IGAC,ALD,more,
DPEC,DPEC00ECU,Posorja,Ecuador,active,REGME,IGM-EC,Bocatoma Posorja,more,
DUBO,DUBO00CAN,Lac du Bonnet,Canada,active,IGb14,ITRF2014,CSRS,NRCan-CGS,more,
EACH,EACH00BRA,Sao Paulo,Brazil,active,RBMC,IBGE,USP-EACH,more,
EBPT,EBPT00COL,El Bagre,Colombia,active,MAGNA-ECO,GeoRED,IGAC,SGC,more,
EBY1,EBY100ARG,Posadas,Argentina,active,RAMSAC,EBY,more,
EBYP,EBYP00ARG,Posadas,Argentina,removed,RAMSAC,EBY,more,
ECEC,ECEC00ECU,El Carmen,Ecuador,active,REGME,GADMEC,IGM-EC,more,
EESC,EESC00BRA,Sao Carlos,Brazil,active,RBMC,IBGE,more,
EISL,EISL00CHL,Easter Island,Chile,removed,IGS14,ITRF2014,JPL,UNAVCO,CEC,more,
ELEN,ELEN00GTM,Santa Elena,Guatemala,removed,ITRF2014,CORS-GT,NOAA-NGS,IGN-GT,more,
EMIB,EMIB00BOL,La Paz,Bolivia,active,MARGEN,IGM-BO,more,
EPEC,EPEC00ECU,Sangolqui,Ecuador,active,REGME,ESPE,IGM-EC,more,
EREC,EREC00ECU,Riobamba,Ecuador,active,REGME,IGM-EC,more,
ESEC,ESEC00ECU,Esmeraldas,Ecuador,active,REGME,IGM-EC,more,
ESMR,ESMR00ECU,Esmeraldas,Ecuador,removed,REGME,IG-EC,IGM-EC,more,
ESNV,ESNV00BRA,Nova Venecia,Brazil,active,RBMC,IBGE,IFES,more,
ESQU,ESQU00ARG,Esquel,Argentina,active,RAMSAC,DCM-Esquel,IGN-AR,more,
ESTI,ESTI00NIC,Esteli,Nicaragua,removed,IGS,ITRF2014,NOAA-NGS,INETER,more,
ETCG,ETCG00CRI,Heredia,Costa Rica,removed,,UN-CR,more,
EUR2,EUR200CAN,Eureka,Canada,active,IGS,ITRF2014,CSRS,NRCan-CGS,more,
EXU0,EXU000BHS,George Town,Bahamas,removed,ITRF2014,COCONET,UCAR,COSMIC,more,
FAIR,FAIR00USA,Fairbanks,AK,USA,active,IGb14,ITRF2014,US-CORS,JPL,UNAVCO,more,
FALK,FALK00FLK,Falkland Islands,United Kingdom,active,IGS,ITRF2014,JPL,UNAVCO,more,
FLF1,FLF100USA,Miami,FL,USA,inactive,US-CORS,NGS,more,
FLIN,FLIN00CAN,CFS Flin Flon,Canada,inactive,IGb14,ITRF2014,CSRS,NRCan-CGS,more,
FLOR,FLOR00COL,Florencia,Colombia,removed,MAGNA-ECO,IGAC,UniAmazonía,more,
FOEC,FOEC00ECU,Francisco de Orellana,Ecuador,active,REGME,IGM-EC,GADM,more,
FORT,FORT00BRA,Fortaleza,Brazil,removed,IGS14,ITRF2014,NOAA-NGS,INPE,more,
FQNE,FQNE00COL,Fuquene,Colombia,inactive,MAGNA-ECO,IGAC,more,
GALA,GALA00ECU,Galapagos,Ecuador,removed,IGS,ITRF2014,JPL,UNAVCO,more,
GARA,GARA00COL,Garagoa,Colombia,active,MAGNA-ECO,IGAC,more,
GCGT,GCGT00CYM,George Town,Cayman Islands,UK,removed,ITRF2014,,more,
GLPS,GLPS00ECU,Puerto Ayora,Ecuador,active,IGS14-Core,ITRF2014,JPL,UNAVCO,more,
GODE,GODE00USA,Greenbelt,MD,USA,active,IGS14-Core,ITRF2014,GSFC,JPL,more,
GOGY,GOGY00BRA,Goiania,Brazil,active,RBMC,IBGE,more,
GOJA,GOJA00BRA,Jataí,Brazil,active,RBMC,IBGE,UFG,more,
GOL2,GOL200USA,Goldstone,CA,USA,active,IGS,JPL,more,
GOLD,GOLD00USA,Goldstone,CA,USA,active,IGS14,ITRF2014,JPL,UNAVCO,more,
GOUG,GOUG00SHN,Gough,United Kingdom,removed,IGS14-Core,ITRF2014,AWI,CDSM-ZA,more,
GOUR,GOUR00BRA,Uruacu,Brazil,active,RBMC,IBGE,IFG,more,
GQEC,GQEC00ECU,Guayaquil,Ecuador,active,REGME,IGM-EC,more,
GRE0,GRE000GRD,Grenada,Grenada,removed,COCONET,UCAR,COSMIC,more,
GRE1,GRE100GRD,Sauteurs,Grenada,removed,COCONET,UCAR,COSMIC,more,
GTK0,GTK000TCA,Grand Turk,Turks & Caicos Islands,UK,removed,COCONET,UCAR,COSMIC,more,
GUAT,GUAT00GTM,Guatemala,Guatemala,inactive,IGS14,ITRF2014,NOAA-NGS,IGN-GT,more,
GUAX,GUAX00MEX,Isla Guadalupe,Mexico,active,US-CORS,USGS,more,
GUAY,GUAY00ARG,Villaguay,Argentina,active,RAMSAC,CPA-Entre Rios,IGN-AR,more,
GUEC,GUEC00ECU,Guayaquil,Ecuador,removed,REGME,IGM-EC,INOCAR,more,
GVA1,GVA100BRA,Governador Valadares,Brazil,inactive,RBMC,IBGE,more,
GVAL,GVAL00BRA,Gov. Valadares,Brazil,removed,RBMC,IBGE,CEMIG,more,
GYEC,GYEC00ECU,Guayaquil,Ecuador,removed,REGME,IGM-EC,more,
GZEC,GZEC00ECU,Gualaquiza,Ecuador,active,REGME,IGM-EC,more,
HC03,HC0300PER,Amarilis,Peru,active,REGPMOC,IGN-PE,more,
HER2,HER200MEX,Hermosillo,Mexico,removed,ITRF2014,RGNA,INEGI,more,
HLFX,HLFX00CAN,Halifax,Canada,active,IGb14,ITRF2014,CSRS,NRCan-CGS,GFZ,more,
HOLM,HOLM00CAN,Ulukhaktok,Canada,inactive,IGb14,ITRF2014,CSRS,NRCan-CGS,more,
HUEH,HUEH00GTM,Huehuetenango,Guatemala,removed,CORS-GT,IGN-GT,more,
HV01,HV0100PER,Huancavelica,Peru,inactive,REGPMOC,GRHUANCA,IGN-PE,more,
IACR,IACR00CHL,Arica,Chile,active,,DGFI,UDEC,IGM-CL,more,
IBAG,IBAG00COL,Ibague,Colombia,active,MAGNA-ECO,IGAC,UT,more,
IBEC,IBEC00ECU,Ibarra,Ecuador,active,REGME,GPI,IG-EPN,IGM-EC,more,
IC01,IC0100PER,Ica,Peru,active,REGPMOC,IGN-PE,more,
ICAM,ICAM00MEX,Campeche,Mexico,active,ITRF2014,RGNA,INEGI,more,
ICEC,ICEC00ECU,Galápagos,Ecuador,active,REGME,IGM-EC,more,
ICEP,ICEP00MEX,Puebla,Mexico,active,RGNA,,more,
IDGO,IDGO00MEX,Durango,Mexico,active,RGNA,INEGI,more,
IFSC,IFSC00BRA,Florianopolis,Brazil,active,RBMC,IBGE,more,
IGM0,IGM000ARG,Buenos Aires,Argentina,removed,RAMSAC,CERI,IGM-AR,more,
IGM1,IGM100ARG,Buenos Aires,Argentina,active,ITRF2014,RAMSAC,CERI,IGN-AR,more,
IGN1,IGN100PAN,Panama,Panama,active,Panama-CORS,IGNTG,more,
ILHA,ILHA00BRA,Ilha Solteira,Brazil,active,ITRF2014,RBMC,,more,
IMBT,IMBT00BRA,Imbituba,Brazil,removed,ITRF2014,RBMC,TIGA,IBGE,more,
IMPZ,IMPZ00BRA,Imperatriz,Brazil,active,ITRF2014,RBMC,RIBaC,IBGE,INCRA,CFET,UNEDI,more,
INEG,INEG00MEX,Aguascalientes,Mexico,active,IGS,ITRF2014,RGNA,INEGI,more,
INVK,INVK00CAN,Inuvik,Canada,active,IGb14,ITRF2014,CSRS,NRCan-CGS,more,
IPAZ,IPAZ00MEX,La Paz,Mexico,active,ITRF2014,RGNA,,more,
IQAL,IQAL00CAN,Iqaluit,Canada,active,IGb14,ITRF2014,CSRS,NRCan-CGS,more,
IQQE,IQQE00CHL,Iquique,Chile,active,IGS,ITRF2014,G2,IGM-CL,more,
IQUI,IQUI00PER,Iquitos,Peru,removed,ITRF2014,DGFI,IGN-PE,more,
ISCO,ISCO00CRI,Cocos Island,Costa Rica,removed,ITRF2014,COCONET,UNAVCO,more,
ISPA,ISPA00CHL,EasterIsland,Chile,removed,IGS14-Core,ITRF2014,JPL,UNAVCO,CEC,more,
ITAI,ITAI00BRA,Foz do Iguaçu,Brazil,active,RBMC,IBGE,Itaipu,more,
ITAM,ITAM00BRA,Itacoatiara,Brazil,removed,RBMC,IBGE,UEA,more,
JAMA,JAMA00JAM,Kingston,Jamaica,removed,IGS,ITRF2014,NOAA-NGS,JMS,more,
JAMG,JAMG00BRA,Jaiba,Brazil,removed,RBMC,IBGE,EPAMIG,more,
JBAL,JBAL00ARG,Juan Bautista Alberdi,Argentina,active,RAMSAC,DGC-Tucumán,more,
JNEC,JNEC00ECU,Paján,Ecuador,active,REGME,IGM-EC,more,
JPLM,JPLM00USA,Pasadena,CA,USA,active,IGS,ITRF2014,JPL,more,
JU03,JU0300PER,Chanchamayo,Peru,active,REGPMOC,IGN-PE,more,
KOKB,KOKB00USA,Kauai,HI,USA,active,IGS14-Core,ITRF2014,JPL,UNAVCO,more,
KOUG,KOUG00GUF,Kourou,France,active,IGS,ITRF2014,CNES,more,
KOUR,KOUR00GUF,Kourou,France,active,IGS14-Core,ITRF2014,ESA,ESOC,more,
KSU1,KSU100USA,Manhattan,KS,USA,active,US-CORS,UNAVCO,more,
KUJ2,KUJ200CAN,Kuujjuarapik,Canada,active,IGS,CSRS,CSRS,NRCan-CGS,more,
KYW1,KYW100USA,Key West,USA,removed,ITRF2014,USCG,more,
LAEC,LAEC00ECU,Lago Agrio,Ecuador,active,REGME,IGM-EC,more,
LB01,LB0100PER,Chiclayo,Peru,active,REGPMOC,GRLB,IGN-PE,more,
LCRZ,LCRZ00CRI,La Cruz,Costa Rica,active,,IGN-CR,more,
LHCL,LHCL00ARG,Lihuel Calel,Argentina,inactive,ITRF2014,RAMSAC,CERI,IGN-AR,more,
LI01,LI0100PER,Lima,Peru,active,REGPMOC,IGN-PE,more,
LIBE,LIBE00CRI,Liberia,Costa Rica,removed,,IGN-CR,more,
LIMN,LIMN00CRI,Limon,Costa Rica,active,,IGN-CR,more,
LIPA,LIPA00COL,Arauquita,Colombia,inactive,MAGNA-ECO,GeoRED,IGAC,SGC,more,
LJEC,LJEC00ECU,Loja,Ecuador,active,REGME,IGM-EC,UTPL,more,
LMMF,LMMF00MTQ,Le Lamentin,Martinique,active,IGS14,ITRF2014,Meteo France,IGN-SGN,more,
LPAZ,LPAZ00MEX,La Paz,Mexico,removed,ITRF2014,RGNA,INEGI,more,
LPGS,LPGS00ARG,La Plata,Argentina,active,IGS14,ITRF2014,RAMSAC,GFZ,UNLP,more,
LR01,LR0100PER,Belen,Peru,active,REGPMOC,IGN-PE,more,
LROS,LROS00ARG,Las Rosas,Argentina,active,RAMSAC,IGN-AR,COPA Sur,more,
MA01,MA0100ARG,Neuquen,Argentina,removed,RAMSAC,CPAGI-Neuquen,Mertind-AR,more,
MABA,MABA00BRA,Maraba,Brazil,active,RBMC,IBGE,more,
MABB,MABB00BRA,Bacabal,Brazil,active,RBMC,IBGE,IFMA,more,
MABS,MABS00BRA,Balsas,Brazil,inactive,RBMC,,more,
MAEC,MAEC00ECU,Macas,Ecuador,active,REGME,IGM-EC,more,
MAGA,MAGA00COL,Magangue,Colombia,removed,MAGNA-ECO,IGAC,more,
MANA,MANA00NIC,Managua,Nicaragua,active,IGS,ITRF2014,NOAA-NGS,INETER,more,
MAPA,MAPA00BRA,Macapa,Brazil,removed,ITRF2014,RBMC,RIBaC,IBGE,INCRA,DTCEA,more,
MARA,MARA00VEN,Maracaibo,Venezuela,removed,ITRF2014,REMOS,CPAGS-LUZ,IGVSB,DGFI,more,
MAS1,MAS100ESP,Maspalomas,Spain,active,IGS14-Core,ITRF2014,INTA,ESOC,more,
MBIO,MBIO00ATA,Base Marambio,Antarctica,active,RAMSAC,IGN-AR,DNA,more,
MCL1,MCL100BRA,Montes Claros,Brazil,removed,RMBC,IBGE,CEMIG,more,
MCLA,MCLA00BRA,Montes Claros,Brazil,removed,RBMC,RIBaC,IBGE,INCRA,CEMIG,more,
MD01,MD0100PER,Puerto Maldonado,Peru,active,REGPMOC,IGN-PE,more,
MDO1,MDO100USA,Fort Davis,TX,USA,active,IGS14,ITRF2014,JPL,UNAVCO,MLRS,more,
MECO,MECO00ARG,Mercedes,Argentina,active,RAMSAC,DGCyCC-SIT,more,
MEDE,MEDE00COL,Medellin,Colombia,active,MAGNA-ECO,IGAC,EAFIT,more,
MERI,MERI00MEX,Merida,Mexico,active,RGNA,INEGI,more,
MEXI,MEXI00MEX,Mexicali,Mexico,active,RGNA,INEGI,more,
MGBH,MGBH00BRA,Belo Horizonte,Brazil,active,RBMC,IBGE,more,
MGIN,MGIN00BRA,Inconfidentes,Brazil,active,RBMC,IBGE,EAFI,more,
MGJF,MGJF00BRA,Juiz de Fora,Brazil,active,RBMC,IBGE,UFJF,more,
MGJP,MGJP00BRA,Belo Horizonte,Brazil,active,RBMC,IBGE,FJP,more,
MGLA,MGLA00BRA,Lavras,Brazil,active,RBMC,IBGE,UFLA,more,
MGMC,MGMC00BRA,Montes Claros,Brazil,active,RBMC,IBGE,more,
MGMT,MGMT00BRA,Monte Carmelo,Brazil,active,RBMC,IBGE,UFU,more,
MGRP,MGRP00BRA,Rio Paranaíba,Brazil,active,RBMC,,more,
MGTO,MGTO00BRA,Teofilo Otoni,Brazil,active,RBMC,IBGE,UFVJM,more,
MGUB,MGUB00BRA,Uberlandia,Brazil,active,RBMC,IBGE,UFU,more,
MGUE,MGUE00ARG,Malargüe,Argentina,active,IGS,ITRF2014,RAMSAC,ESOC,more,
MGV1,MGV100BRA,Varginha,Brazil,inactive,RBMC,IBGE,CEMIG,more,
MGVA,MGVA00BRA,Varginha,Brazil,removed,RBMC,IBGE,CEMIG,more,
MHEC,MHEC00ECU,Machala,Ecuador,active,REGME,IGM-EC,more,
MIMQ,MIMQ00USA,Marquette,MI,USA,active,US-CORS,MIDOT,COOPS,more,
MKEA,MKEA00USA,Mauna Kea,HI,USA,active,IGS14-Core,ITRF2014,NRAO,JPL,more,
MONP,MONP00USA,Laguna Mountains,CA,USA,active,IGb14,ITRF2014,US-CORS,SIO,more,
MOTE,MOTE00COL,Monteria,Colombia,inactive,MAGNA-ECO,IGAC,more,
MPL2,MPL200ARG,Mar del Plata,Argentina,active,ITRF2014,RAMSAC,TIGA,,more,
MPLA,MPLA00ARG,Mar del Plata,Argentina,removed,ITRF2014,RAMSAC,TIGA,DGFI,UNLP,more,
MRLS,MRLS00GTM,Morales,Guatemala,removed,CORS-GT,IGN-GT,more,
MSAQ,MSAQ00BRA,Aquidauana,Brazil,active,RBMC,IBGE,more,
MSBL,MSBL00BRA,Bela Vista,Brazil,active,RBMC,IBGE,UA-Br,more,
MSCB,MSCB00BRA,Corumbá,Brazil,removed,RBMC,IBGE,Embrapa,more,
MSCG,MSCG00BRA,Campo Grande,Brazil,removed,RBMC,IBGE,UNIDERP,more,
MSDR,MSDR00BRA,Dourados,Brazil,active,RBMC,IBGE,more,
MSGR,MSGR00BRA,Campo Grande,Brazil,available,RBMC,IBGE,more,
MSJR,MSJR00BRA,Jardim,Brazil,active,RBMC,IBGE,IFMGS,more,
MSMJ,MSMJ00BRA,Maracaju,Brazil,active,RBMC,IBGE,more,
MSMN,MSMN00BRA,Mundo Novo,Brazil,active,RBMC,IBGE,PRFAPM,more,
MSNV,MSNV00BRA,Naviraí,Brazil,inactive,RBMC,IBGE,IFMS,more,
MSPM,MSPM00BRA,Porto Murtinho,Brazil,active,RBMC,IBGE,more,
MSPP,MSPP00BRA,Ponta Pora,Brazil,inactive,RBMC,IBGE,IFMS,more,
MTBA,MTBA00BRA,Barra do Garças,Brazil,removed,RBMC,IBGE,INCRA,more,
MTCA,MTCA00BRA,Caceres,Brazil,active,RBMC,IBGE,IFMT-CC,more,
MTCN,MTCN00BRA,Canarana,Brazil,active,RBMC,IBGE,more,
MTCO,MTCO00BRA,Colider,Brazil,removed,RBMC,RIBaC,IBGE,INCRA,more,
MTEC,MTEC00ECU,Montalvo,Ecuador,inactive,REGME,IGM-EC,CHRIBOGA,more,
MTGA,MTGA00BRA,Barra do Garças,Brazil,active,RBMC,IBGE,UFMT,more,
MTIT,MTIT00BRA,Itiquira,Brazil,removed,RBMC,IBGE,ECI,more,
MTJI,MTJI00BRA,Juína,Brazil,active,RBMC,IBGE,IFMG,more,
MTLA,MTLA00BRA,Pontes e Lacerda,Brazil,active,RBMC,IBGE,IFMT,more,
MTLE,MTLE00BRA,Primavera do Leste,Brazil,active,RBMC,IBGE,IFMT,more,
MTNM,MTNM00BRA,Nova Mutum,Brazil,removed,RBMC,IBGE,PTPM,more,
MTNX,MTNX00BRA,Nova Xavantina,Brazil,removed,RBMC,IBGE,more,
MTSC,MTSC00BRA,Barao de Malgaco,Brazil,active,RBMC,IBGE,SESC,more,
MTSF,MTSF00BRA,São Felix do Araguaia,Brazil,removed,RBMC,IBGE,INCRA,more,
MTSR,MTSR00BRA,Sorriso,Brazil,active,RBMC,IBGE,more,
MTV1,MTV100URY,Montevideo,Uruguay,active,IGS,REGNA-ROU,NGA,more,
MTVB,MTVB00BRA,Vila Bela da Santíssima Trindade,Brazil,removed,RBMC,IBGE,INCRA,more,
MTY2,MTY200MEX,Monterrey,Mexico,active,ITRF2014,RGNA,INEGI,more,
MUEC,MUEC00ECU,Muisne,Ecuador,active,REGME,IGM-EC,more,
MZAC,MZAC00ARG,Mendoza,Argentina,active,RAMSAC,IANIGLA-CONICET,IGN-AR,more,
MZAE,MZAE00ARG,Santa Rosa,Argentina,removed,RAMSAC,DPC-Mendoza,IGN-AR,more,
MZAL,MZAL00ARG,Lavalle,Argentina,active,RAMSAC,IGN-AR,DGC Mendoza,more,
MZAS,MZAS00ARG,San Rafael,Argentina,removed,RAMSAC,IANIGLA-CRICYT,DPC_Mendoza,more,
MZAU,MZAU00ARG,La Consulta,Argentina,active,RAMSAC,IGN-AR,more,
MZGA,MZGA00ARG,General Alvear,Argentina,active,RAMSAC,IGN-AR,more,
MZRF,MZRF00ARG,San Rafael,Argentina,active,RAMSAC,DPC-Mendoza,IGN-AR,more,
MZSR,MZSR00ARG,San Rafael,Argentina,removed,RAMSAC,DPC-Mendoza,more,
NARA,NARA00GTM,El Naranjo,Guatemala,removed,CORS-GT,IGN-GT,more,
NAS0,NAS000BHS,Nassau,Bahamas,inactive,ITRF2014,COCONET,UCAR,COSMIC,more,
NAUS,NAUS00BRA,Manaus,Brazil,active,ITRF2014,RBMC,RIBaC,IBGE,INCRA,SIPAM,more,
NEIA,NEIA00BRA,Cananeia,Brazil,active,ITRF2014,RBMC,IBGE,IO/USP,more,
NEIL,NEIL00CRI,Ciudad Neilly,Costa Rica,active,,IGN-CR,more,
NESA,NESA00ARG,General Conesa,Argentina,active,RAMSAC,DGC-Rio Negro,IGN-AR,more,
NEVA,NEVA00COL,Neiva,Colombia,inactive,MAGNA-ECO,IGAC,GH,more,
NIST,NIST00USA,Boulder,CO,USA,active,IGb14,ITRF2014,US-CORS,NIST,more,
NJEC,NJEC00ECU,Naranjal,Ecuador,active,REGME,GADMCN,IGM-EC,more,
NKLG,NKLG00GAB,Libreville,Gabon,active,IGS14-Core,ITRF2014,CNES,more,
NLIB,NLIB00USA,North Liberty,IA,USA,active,IGb14,ITRF2014,NRAO,JPL,UNAVCO,more,
NYCO,NYCO00CRI,Nicoya,Costa Rica,active,,IGN-CR,more,
OAFA,OAFA00ARG,San Juan,Argentina,active,RAMSAC,OAFA,IGN-AR,more,
OAX2,OAX200MEX,Oaxaca,Mexico,active,ITRF2014,RGNA,INEGI,more,
OBRA,OBRA00ARG,Obera,Argentina,active,RAMSAC,IGN-AR,Obrera,more,
OHI2,OHI200ATA,O'Higgins,Antarctica,active,IGS14,ITRF2014,BKG,more,
OHI3,OHI300ATA,O'Higgins,Antarctica,active,IGS14-Core,ITRF2014,BKG,more,
OHIG,OHIG00ATA,O'Higgins,Antarctica,removed,IGS14,ITRF2014,BKG,more,
ONEC,ONEC00ECU,Chone,Ecuador,active,REGME,IGM-EC,UL,more,
ONRJ,ONRJ00BRA,Rio de Janeiro,Brazil,inactive,RBMC,RIBaC,IBGE,INCRA,ON,more,
OSOR,OSOR00CHL,Osorno,Chile,removed,,DGFI,UDEC,IGM-CL,more,
OURI,OURI00BRA,Ourinhos,Brazil,removed,RBMC,,more,
P012,P01200USA,Monticello,UT,USA,active,US-CORS,UNAVCO,more,
P043,P04300USA,Newcastle,WY,USA,active,IGS,US-CORS,UNAVCO,more,
P051,P05100USA,Billings,MT,USA,active,IGS,US-CORS,UNAVCO,more,
P053,P05300USA,Whitewater,MT,USA,active,IGS,US-CORS,UNAVCO,more,
P389,P38900USA,Brothers,OR,USA,active,IGS,US-CORS,UNAVCO,more,
P777,P77700USA,Dennard,AR,USA,active,US-CORS,UNAVCO,more,
P802,P80200USA,Mandan,ND,USA,active,IGS,US-CORS,UNAVCO,more,
PAAR,PAAR00BRA,Altamira,Brazil,active,RBMC,IBGE,UFPA,more,
PAAT,PAAT00BRA,Altamira,Brazil,removed,RBMC,IBGE,more,
PAEC,PAEC00ECU,Pedernales,Ecuador,active,REGME,IGM-EC,ULEAM,more,
PAIT,PAIT00BRA,Itaituba,Brazil,active,RBMC,IBGE,more,
PALM,PALM00ATA,Palmer,Antarctica,active,IGS,ITRF2014,JPL,UNAVCO,more,
PAMP,PAMP00COL,Pamplona,Colombia,inactive,MAGNA-ECO,IGAC,more,
PARA,PARA00BRA,Curitiba,Brazil,removed,ITRF2014,RBMC,RIBaC,IBGE,INCRA,UFPR,more,
PARC,PARC00CHL,Punta Arenas,Chile,active,IGS14-Core,ITRF2014,G2,more,
PASM,PASM00BRA,Santarem,Brazil,active,RBMC,IBGE,IFG,more,
PBCG,PBCG00BRA,Campina Grande,Brazil,active,RBMC,IBGE,INCRA,more,
PBJP,PBJP00BRA,Joao Pessoa,Brazil,active,RBMC,IBGE,more,
PBPT,PBPT00BRA,Patos,Brazil,active,RBMC,IBGE,IFPB,more,
PDE3,PDE300ARG,Puerto Deseado,Argentina,active,RAMSAC,IGN-AR,UNPA,more,
PDEL,PDEL00PRT,Ponta Delgada,Portugal,inactive,IGS14,ITRF2014,IGP,more,
PDES,PDES00ARG,Puerto Deseado,Argentina,removed,RAMSAC,TIGA,DGFI,UNLP,SHN,more,
PEAF,PEAF00BRA,Afogados da Ingazeira,Brazil,active,RBMC,IBGE,IFPE,more,
PEJO,PEJO00ARG,Pehuajo,Argentina,active,RAMSAC,CPA Buenos Aires,IGN-AR,more,
PELU,PELU00ARG,Pedro Luro,Argentina,active,RAMSAC,IGN-AR,CORFO,more,
PEPE,PEPE00BRA,Petrolina,Brazil,active,RBMC,RIBaC,IBGE,INCRA,more,
PERA,PERA00COL,Pereira,Colombia,inactive,MAGNA-ECO,IGAC,UTP,more,
PERC,PERC00BRA,Recife,Brazil,active,RBMC,IBGE,IFPE,more,
PI01,PI0100PER,San Miguel de Piura,Peru,active,REGPMOC,IGN-PE,more,
PICR,PICR00BRA,Corrente,Brazil,active,RBMC,IBGE,more,
PIE1,PIE100USA,Pie Town,NM,USA,active,IGS14,ITRF2014,JPL,UNAVCO,PT VLBA NARO Pie Town,more,
PIEC,PIEC00ECU,Pimampiro,Ecuador,active,REGME,IGM-EC,more,
PIFL,PIFL00BRA,Floriano,Brazil,inactive,RBMC,IBGE,UFPI,more,
PISR,PISR00BRA,São Raimundo Nonato,Brazil,active,RBMC,IBGE,UNIVASF,more,
PITN,PITN00BRA,Teresina,Brazil,active,RBMC,IBGE,more,
PJEC,PJEC00ECU,Pajan,Ecuador,removed,REGME,GADMP,IGM-EC,more,
PLEC,PLEC00ECU,Palanda,Ecuador,active,REGME,IGM-EC,GADMC Palanda,more,
PMB1,PMB100SUR,Paramaribo,Suriname,inactive,,PMU-GLIS,more,
PMEC,PMEC00PAN,Penonomé,Panama,active,Panama-CORS,IGNTG,more,
POAL,POAL00BRA,Porto Alegre,Brazil,active,IGS,ITRF2014,RBMC,RIBaC,IBGE,INCRA,UFRGS,more,
POEC,POEC00ECU,Portoviejo,Ecuador,active,REGME,IGM-EC,UTM,more,
POLI,POLI00BRA,Sao Paulo,Brazil,active,RBMC,IBGE,EP/USP,more,
POPA,POPA00COL,Popayan,Colombia,active,MAGNA-ECO,IGAC,more,
POVE,POVE00BRA,Porto Velho,Brazil,active,IGS,ITRF2014,RBMC,RIBaC,IBGE,INCRA,SIPAM,more,
PPTE,PPTE00BRA,Presidente Prudente,Brazil,active,ITRF2014,RBMC,RIBaC,IBGE,INCRA,UNESP,more,
PRCV,PRCV00BRA,Cascavel,Brazil,active,RBMC,IBGE,more,
PRDS,PRDS00CAN,Calgary,Canada,active,IGb14,ITRF2014,CSRS,NRCan-CGS,more,
PREC,PREC00ECU,Palora,Ecuador,active,REGME,IGM-EC,more,
PRGU,PRGU00BRA,Guarapuava,Brazil,active,RBMC,IBGE,UNICENTRO,more,
PRMA,PRMA00BRA,Maringá,Brazil,active,RBMC,IBGE,UEM,more,
PRNA,PRNA00ARG,Parana,Argentina,active,RAMSAC,FA-AR,IGN-AR,more,
PRUR,PRUR00BRA,Umuarama,Brazil,active,RBMC,IBGE,IFP,more,
PSTO,PSTO00COL,Pasto,Colombia,active,MAGNA-ECO,IGAC,IGAC-DTN,more,
PTEC,PTEC00ECU,Portoviejo,Ecuador,removed,REGME,IGM-EC,more,
PU02,PU0200PER,La Union,Peru,active,REGPMOC,IGN-PE,more,
PUAR,PUAR00PAN,Puerto Armuelles,Panama,active,Panama-CORS,IGNTG,more,
PUNT,PUNT00CRI,Puntarenas,Costa Rica,active,,IGN-CR,more,
PUR3,PUR300PRI,Puerto Rico,removed,ITRF2014,USCG,more,
QAQ1,QAQ100GRL,Qaqortoq/Julianehaab,Greenland,active,IGb14,ITRF2014,DTU Space,more,
QUEM,QUEM00ECU,Quito,Ecuador,active,REGME,IG-EPN,more,
QUEP,QUEP00CRI,Quepos,Costa Rica,active,,IGN-CR,more,
QUI1,QUI100ECU,Quito,Ecuador,active,IGS,ITRF2014,NGA,IGM-EC,more,
QUI3,QUI300ECU,Quito,Ecuador,active,IGS,REGME,NGA,more,
QUIB,QUIB00COL,Quibdo,Colombia,removed,MAGNA-ECO,IGAC,more,
QUIN,QUIN00USA,Quincy,CA,USA,active,IGb14,ITRF2014,US-CORS,JPL,UNAVCO,more,
QVEC,QVEC00ECU,Quevedo,Ecuador,active,REGME,IGM-EC,more,
RDEO,RDEO00BOL,Challapata,Bolivia,removed,MARGEN,IGM-BO,more,
RDSD,RDSD00DOM,Santo Domingo,Dominican Republic,active,IGS,Geomedicion,more,
RECF,RECF00BRA,Recife,Brazil,removed,IGS14,ITRF2014,RBMC,RIBaC,IBGE,INCRA,UFPE,more,
RECO,RECO00ARG,Reconquista,Argentina,active,RAMSAC,IGN-AR,UTN,more,
RIDC,RIDC00CRI,Curridabat,Costa Rica,active,,IGN-CR,more,
RIO2,RIO200ARG,Rio Grande,Argentina,active,IGS14,ITRF2014,RAMSAC,GFZ,EARG,more,
RIOB,RIOB00BRA,Rio Branco,Brazil,active,ITRF2014,RBMC,IBGE,more,
RIOD,RIOD00BRA,Rio de Janeiro,Brazil,removed,RBMC,RIBaC,IBGE,INCRA,more,
RIOG,RIOG00ARG,Rio Grande,Argentina,removed,IGS14,ITRF2014,RAMSAC,GFZ,EARG,more,
RIOH,RIOH00COL,Riohacha,Colombia,removed,MAGNA-ECO,IGAC,UniGuajira,more,
RIOP,RIOP00ECU,Riobamba,Ecuador,active,IGS,ITRF2014,JPL,UNAVCO,IG-EC,more,
RJCG,RJCG00BRA,Campos dos Goytacazes,Brazil,active,RBMC,IBGE,INCRA,more,
RJNI,RJNI00BRA,Niteroi,Brazil,active,RBMC,IBGE,UFF,more,
RJVA,RJVA00BRA,Vassouras,Brazil,inactive,RBMC,IBGE,NO-BR,more,
RNMO,RNMO00BRA,Mossoro,Brazil,active,RBMC,IBGE,more,
RNNA,RNNA00BRA,Natal,Brazil,active,RBMC,IBGE,INPE,more,
RNPF,RNPF00BRA,Pau dos Ferros,Brazil,active,RBMC,IBGE,UERN,more,
ROCD,ROCD00BRA,Colorado D'Oeste,Brazil,removed,RBMC,,more,
ROGM,ROGM00BRA,Guajara-Mirim,Brazil,removed,RBMC,RIBaC,IBGE,INCRA,more,
ROJI,ROJI00BRA,Ji-Paraná,Brazil,active,RBMC,IBGE,INCRA,more,
ROSA,ROSA00BRA,Rosana,Brazil,active,ITRF2014,RBMC,UNESP,more,
RSAL,RSAL00BRA,Alegrete,Brazil,active,RBMC,IBGE,more,
RSCL,RSCL00BRA,Cerro Largo,Brazil,active,RBMC,IBGE,UFFS,more,
RSPE,RSPE00BRA,Pelotas,Brazil,active,RBMC,IBGE,UFPEL,more,
RSPF,RSPF00BRA,Passo Fundo,Brazil,active,RBMC,IBGE,UPF,more,
RSSL,RSSL00BRA,Sao Leopoldo,Brazil,active,RBMC,IBGE,UNISINOS,more,
RUBI,RUBI00COL,Puerto Gaitan,Colombia,removed,MAGNA-ECO,IGAC,more,
RWSN,RWSN00ARG,Rawson,Argentina,active,ITRF2014,RAMSAC,TIGA,DG-Chubut,IGN-AR,DGFI-TUM,more,
SAGA,SAGA00BRA,São Gabriel da Cachoeira,Brazil,inactive,ITRF2014,RBMC,IBGE,more,
SAGE,SAGE00CRI,San Isidro de El General,Costa Rica,active,,IGN-CR,more,
SALU,SALU00BRA,Sao Luis,Brazil,active,IGS14,ITRF2014,RBMC,IBGE,more,
SALV,SALV00BRA,Salvador,Brazil,removed,ITRF2014,RBMC,IBGE,CONDER,more,
SAMA,SAMA00COL,Santa Marta,Colombia,active,MAGNA-ECO,IGAC,UniMagdalena,more,
SANT,SANT00CHL,Santiago de Chile,Chile,active,IGS14-Core,ITRF2014,JPL,UNAVCO,more,
SAVO,SAVO00BRA,Salvador,Brazil,active,IGS14,ITRF2014,RBMC,RIBaC,IBGE,INCRA,more,
SCAQ,SCAQ00BRA,Araquari,Brazil,active,RBMC,IBGE,IFC,more,
SCCA,SCCA00BRA,Cacador,Brazil,active,RBMC,IBGE,IFSC,more,
SCCH,SCCH00BRA,Chapecó,Brazil,active,RBMC,IBGE,more,
SCEC,SCEC00ECU,San Cristobal,Ecuador,removed,REGME,IGM-EC,more,
SCFL,SCFL00BRA,Florianopolis,Brazil,active,RBMC,IBGE,UFSC,more,
SCH2,SCH200CAN,Schefferville,Canada,active,IGb14,ITRF2014,CSRS,NRCan-CGS,more,
SCIM,SCIM00BRA,Imbituba,Brazil,active,RBMC,IBGE,more,
SCLA,SCLA00BRA,Lages,Brazil,active,RBMC,IBGE,INCRA,more,
SCOR,SCOR00GRL,Scoresbysund/Ittoqqoormiit,Greenland,active,IGb14,ITRF2014,DTU Space,more,
SCRZ,SCRZ00BOL,Santa Cruz de la Sierra,Bolivia,active,IGS,MARGEN,DGFI,IGM-BO,more,
SCUB,SCUB00CUB,Santiago de Cuba,Cuba,active,IGS14,ITRF2014,GFZ,CNI-CU,more,
SDTA,SDTA00COL,Sardinata,Colombia,active,MAGNA-ECO,GeoRED,IGAC,SGC,more,
SEAJ,SEAJ00BRA,Sao Cristovao,Brazil,active,RBMC,IBGE,more,
SEEC,SEEC00ECU,Santa Elena,Ecuador,active,REGME,IGM-EC,more,
SG27,SG2700USA,Barrow,AK,USA,active,US-CORS,UNAVCO,more,
SGPO,SGPO00USA,Billings,OK,USA,active,IGS,ITRF2014,ARM/ANL,GFZ,more,
SICO,SICO00ARG,Sierra Colorada,Argentina,active,RAMSAC,IGN-AR,DGC Río Negro,more,
SIEC,SIEC00ECU,Santa Isabel,Ecuador,active,REGME,IGM-EC,GADM,more,
SINC,SINC00COL,Sincelejo,Colombia,active,MAGNA-ECO,IGAC,more,
SJNE,SJNE00COL,San Juán de Nepomuceno,Colombia,active,MAGNA-ECO,GeoRED,IGAC,SGC,more,
SJRP,SJRP00BRA,Sao Jose do Rio Preto,Brazil,active,RBMC,UNESP,more,
SJSP,SJSP00BRA,Sao Jose dos Campos,Brazil,active,RBMC,IBGE,INPE,more,
SL01,SL0100ARG,La Punta - San Luis,Argentina,active,RAMSAC,ULP,more,
SM01,SM0100PER,Moyobamba,Peru,active,REGPMOC,GRSMT,IGN-PE,more,
SMAR,SMAR00BRA,Santa Maria,Brazil,active,RBMC,RIBaC,IBGE,INCRA,UFSM,more,
SMDM,SMDM00ARG,San Miguel del Monte,Argentina,active,RAMSAC,IGN-AR,CPA,more,
SMRT,SMRT00NLD,Saint Marteen,Netherlands,removed,COCONET,UCAR,COSMIC,more,
SNLR,SNLR00ECU,San Lorenzo,Ecuador,active,REGME,IG-EPN,BNSL,more,
SNSN,SNSN00COL,Sonson,Colombia,active,MAGNA-ECO,IGAC,more,
SOCB,SOCB00COL,Socha,Colombia,active,MAGNA-ECO,GeoRED,IGAC,SGC,more,
SONE,SONE00COL,San Onofre,Colombia,active,MAGNA-ECO,GeoRED,IGAC,SGC,more,
SPAR,SPAR00BRA,Aracatuba,Brazil,active,RBMC,IBGE,more,
SPBO,SPBO00BRA,Botucatu,Brazil,active,RBMC,UNESP,IBGE,more,
SPBP,SPBP00BRA,Braganca Paulista,Brazil,active,RBMC,IBGE,more,
SPC1,SPC100BRA,Campinas,Brazil,active,RBMC,IBGE,UNICAMP,more,
SPCA,SPCA00BRA,Campinas,Brazil,removed,RBMC,IBGE,UNICAMP,more,
SPDR,SPDR00BRA,Dracena,Brazil,active,RBMC,IBGE,UNESP,more,
SPFE,SPFE00BRA,Fernandopolis,Brazil,active,RBMC,UNESP,IBGE,more,
SPFR,SPFR00BRA,Franca,Brazil,active,RBMC,UNESP,IBGE,more,
SPJA,SPJA00BRA,Jaboticabal,Brazil,active,RBMC,UNESP,IBGE,more,
SPLI,SPLI00BRA,Lins-Unilins,Brazil,active,RBMC,IBGE,UNILINS,more,
SPOR,SPOR00BRA,Ourinhos,Brazil,active,RBMC,IBGE,UNESP,more,
SPPI,SPPI00BRA,Piracicaba,Brazil,removed,RBMC,IBGE,UNESP,more,
SPRZ,SPRZ00ATA,Base Esperanza,Antarctica,active,RAMSAC,IGN-AR,DNA,more,
SPS1,SPS100BRA,Sorocaba,Brazil,active,RBMC,UNESP,IBGE,more,
SPTU,SPTU00BRA,Tupa,Brazil,active,IGS,RBMC,IBGE,UNESP,more,
SRLP,SRLP00ARG,Santa Rosa,Argentina,active,RAMSAC,DGC La Pampa,more,
SRNW,SRNW00SUR,Nieuw Nickerie,Suriname,removed,,PMU-GLIS,more,
SRZN,SRZN00SUR,Paramatibo,Suriname,active,,PMU-GLIS,more,
SSA1,SSA100BRA,Salvador Capitania,Brazil,active,ITRF2014,RBMC,TIGA,IBGE,more,
SSIA,SSIA00SLV,San Salvador,Salvador,active,IGS,ITRF2014,NOAA-NGS,CNR,more,
STEC,STEC00ECU,Santiago,Ecuador,inactive,REGME,IGM-EC,SANTIAGO,more,
STHL,STHL00GBR,Saint Helena,United Kingdom,active,IGS14,ITRF2014,JPL,UNAVCO,more,
STJO,STJO00CAN,St. John's,Canada,active,IGS14-Core,ITRF2014,NRCan,more,
SUAN,SUAN00COL,Suán,Colombia,active,MAGNA-ECO,GeoRED,IGAC,SGC,more,
SUES,SUES00COL,Suárez,Colombia,active,MAGNA-ECO,GeoRED,IGAC,SGC,more,
SUTH,SUTH00ZAF,Sutherland,South Africa,active,IGS14-Core,ITRF2014,JPL,HRAO,more,
SVIC,SVIC00ARG,San Vicente,Argentina,active,RAMSAC,MSV,IGN-AR,more,
TAMP,TAMP00MEX,Tampico,Mexico,active,ITRF2014,RGNA,INEGI,more,
TARZ,TARZ00COL,Tarazá,Colombia,active,MAGNA-ECO,GeoRED,IGAC,SGC,more,
TAXI,TAXI00GTM,Taxisco,Guatemala,removed,CORS-GT,IGN-GT,more,
TC01,TC0100PER,Tacna,Peru,active,REGPMOC,IGN-PE,more,
TEG2,TEG200HND,Tegucigalpa,Honduras,active,,UNAVCO,DGCG-HN,more,
TERO,TERO00ARG,Santiago del Estero,Argentina,active,RAMSAC,DGC-Santiago del Estero,IGN-AR,more,
TGTA,TGTA00ARG,Tinogasta,Argentina,inactive,RAMSAC,IGN-AR,AGC Catamarca,more,
THTI,THTI00PYF,Tahiti,French Polynesia,active,IGS14-Core,ITRF2014,UPF,CNES,more,
THU2,THU200GRL,Thule Airbase,Greenland,active,IGb14,ITRF2014,DTU Space,more,
TMG2,TMG200USA,Table Mountain,CO,USA,active,US-CORS,NGS,more,
TNEC,TNEC00ECU,Tena,Ecuador,active,REGME,GPN,IGM-EC,more,
TOGU,TOGU00BRA,Gurupi,Brazil,active,RBMC,IBGE,INCRA,more,
TOL2,TOL200MEX,Toluca,Mexico,active,RGNA,INEGI,more,
TOPL,TOPL00BRA,Palmas,Brazil,active,IGS,ITRF2014,RBMC,RIBaC,IBGE,INCRA,more,
TOSF,TOSF00ARG,Tostado,Argentina,active,RAMSAC,IGN-AR,COPA Santa Fe Norte,more,
TPEC,TPEC00ECU,Tiputini,Ecuador,active,REGME,IGM-EC,GADMC Aguarico,more,
TSEC,TSEC00ECU,Taisha,Ecuador,active,REGME,IGM-EC,BS-50,more,
TUCU,TUCU00ARG,Tucuman,Argentina,active,ITRF2014,RAMSAC,CERI,IGN-AR,more,
TUMA,TUMA00COL,Tumaco,Colombia,inactive,MAGNA-ECO,TIGA,IGAC,DIMAR,CCCP,more,
TUNA,TUNA00COL,Tunja,Colombia,active,MAGNA-ECO,IGAC,IGAC-DTB,more,
UBA1,UBA100BRA,Ubatuba,Brazil,active,RBMC,IBGE,more,
UBAT,UBAT00BRA,Ubatuba,Brazil,removed,RBMC,IBGE,IO/USP,more,
UBE1,UBE100BRA,Uberlandia,Brazil,removed,RBMC,IBGE,CEMIG,more,
UBER,UBER00BRA,Uberlandia,Brazil,removed,RBMC,IBGE,CEMIG,more,
UC01,UC0100PER,Pucallpa,Peru,active,REGPMOC,IGN-PE,more,
UCLU,UCLU00CAN,Ucluelet,Canada,active,IGS,ITRF2014,CSRS,GSC,more,
UCOR,UCOR00ARG,Cordoba,Argentina,active,RAMSAC,UNdeC,more,
UCRI,UCRI00CRI,San Pedro,Costa Rica,active,,UCR,more,
UEPP,UEPP00BRA,Presidente Prudente,Brazil,removed,ITRF2014,RBMC,IBGE,more,
UFPR,UFPR00BRA,Curitiba,Brazil,active,IGS14,ITRF2014,RBMC,IBGE,more,
UGTO,UGTO00MEX,Guanajuato,Mexico,active,RGNA,INEGI,more,
UNPA,UNPA00ARG,Rio Gallegos,Argentina,active,RAMSAC,UNPA,IGN-AR,more,
UNRO,UNRO00ARG,Rosario,Argentina,active,RAMSAC,IGN-AR,UNR,more,
UNSA,UNSA00ARG,Salta,Argentina,active,IGS14,ITRF2014,RAMSAC,GFZ,more,
UNSJ,UNSJ00ARG,San Juan,Argentina,active,RAMSAC,CERI,IGN-AR,more,
URUS,URUS00BOL,Oruro,Bolivia,removed,MARGEN,DGFI,IGM-BO,more,
USCL,USCL00CHL,Santiago,Chile,active,IGS,USACH,more,
USLP,USLP00MEX,San Luis Potosi,Mexico,removed,RGNA,INEGI,more,
USMX,USMX00MEX,Moctezuma,Mexico,active,US-CORS,UNAVCO,more,
USNO,USNO00USA,Washington,USA,removed,IGS14,ITRF2014,USNO,more,
UTQI,UTQI00USA,Utqiagvik/Barrow,AK,USA,active,IGS,ARM/ANL,GFZ,more,
UYAR,UYAR00URY,Artigas,Uruguay,active,REGNA-ROU,SGM-UY,more,
UYBA,UYBA00ATA,Base Artigas,Antarctica,active,REGNA-ROU,SGM-UY,more,
UYBU,UYBU00URY,Bella Union,Uruguay,available,REGNA-ROU,SGM-UY,more,
UYCL,UYCL00URY,Melo,Uruguay,active,REGNA-ROU,SGM-UY,more,
UYCO,UYCO00URY,Colonia del Sacramento,Uruguay,active,REGNA-ROU,SGM-UY,more,
UYDU,UYDU00URY,Sarandi del Yi,Uruguay,active,REGNA-ROU,SGM-UY,more,
UYFD,UYFD00URY,Florida,Uruguay,active,REGNA-ROU,SGM-UY,more,
UYFS,UYFS00URY,Trinidad,Uruguay,active,REGNA-ROU,SGM-UY,more,
UYIF,UYIF00URY,Isla de Las Flores,Uruguay,active,REGNA-ROU,SGM-UY,more,
UYLA,UYLA00URY,Minas,Uruguay,active,REGNA-ROU,SGM-UY,more,
UYLP,UYLP00URY,La Paloma,Uruguay,active,REGNA-ROU,SGM-UY,more,
UYMA,UYMA00URY,Maldonado,Uruguay,active,REGNA-ROU,IGM-UY,more,
UYMO,UYMO00URY,Montevideo,Uruguay,active,REGNA-ROU,SGM-UY,more,
UYNI,UYNI00BOL,Uyuni,Bolivia,inactive,MARGEN,IGM-BO,more,
UYPA,UYPA00URY,Paysandu,Uruguay,active,REGNA-ROU,SGM-UY,more,
UYPT,UYPT00URY,Paso de los Toros,Uruguay,active,REGNA-ROU,SGM-UY,more,
UYRB,UYRB00URY,Río Branco,Uruguay,active,REGNA-ROU,SGM-UY,more,
UYRI,UYRI00URY,Rivera,Uruguay,active,REGNA-ROU,SGM-UY,more,
UYRO,UYRO00URY,Santa Teresa National Park,Uruguay,inactive,REGNA-ROU,SGM-UY,more,
UYRV,UYRV00URY,Vichadero,Uruguay,active,REGNA-ROU,SGM-UY,more,
UYSA,UYSA00URY,Salto,Uruguay,active,REGNA-ROU,SGM-UY,more,
UYSG,UYSG00URY,San Gregorio de Polanco,Uruguay,active,REGNA-ROU,SGM-UY,more,
UYSJ,UYSJ00URY,San José de Mayo,Uruguay,active,REGNA-ROU,SGM-UY,more,
UYSO,UYSO00URY,Mercedes,Uruguay,active,REGNA-ROU,SGM-UY,more,
UYTA,UYTA00URY,Tacuarembó,Uruguay,active,REGNA-ROU,SGM-UY,more,
UYTD,UYTD00URY,Arapey,Uruguay,active,REGNA-ROU,SGM-UY,more,
UYTT,UYTT00URY,Treinta y Tres,Uruguay,active,REGNA-ROU,SGM-UY,more,
VALL,VALL00COL,Valledupar,Colombia,inactive,MAGNA-ECO,IGAC,RJC-Cesar,more,
VALP,VALP00CHL,Valparaiso,Chile,removed,IGS,ITRF2014,PGF,more,
VARG,VARG00BRA,Varginha,Brazil,removed,RBMC,IBGE,CEMIG,more,
VBCA,VBCA00ARG,Bahia Blanca,Argentina,active,ITRF2014,RAMSAC,TIGA,IGN-AR,DGFI,more,
VERA,VERA00CRI,Cano Negro,Costa Rica,active,COCONET,UNAVCO,more,
VESL,VESL00ATA,Vesleskarvet,removed,IGS14-Core,ITRF2014,AWI,CDSM-ZA,more,
VICO,VICO00BRA,Viscosa,Brazil,active,RBMC,RIBaC,IBGE,INCRA,UFV,more,
VIL2,VIL200MEX,Villahermosa,Mexico,active,RGNA,INEGI,more,
VIVI,VIVI00COL,Villavicencio,Colombia,inactive,MAGNA-ECO,IGAC,UniLLanos,more,
VNDP,VNDP00USA,Vandenberg,CA,USA,active,IGS14-Core,ITRF2014,UNAVCO,more,
WES2,WES200USA,Westford,MA,USA,active,IGb14,ITRF2014,US-CORS,MITHAYSTAK,NOAA-NGS,more,
WHIT,WHIT00CAN,Whitehorse,Canada,active,IGS,ITRF2014,CSRS,NRCan-CGS,more,
WILL,WILL00CAN,Williams Lake,Canada,active,IGb14,ITRF2014,CSRS,GSC,more,
WIND,WIND00NAM,Windhoek,Namibia,inactive,IGS14,ITRF2014,DSM-Na,GFZ,more,
YCBA,YCBA00BOL,Yacuiba,Bolivia,removed,ITRF2014,MARGEN,DGFI,IGM-BO,more,
YELL,YELL00CAN,Yellowknife,Canada,active,IGb14,ITRF2014,CSRS,NRCan-CGS,more,
YEMA,YEMA00ARG,Laguna Yema,Argentina,active,RAMSAC,DGCT Fromosa,IGN-AR,more,
YESX,YESX00MEX,Yecora,Mexico,active,US-CORS,UNAVCO,more,
YOPA,YOPA00COL,Yopal,Colombia,removed,MAGNA-ECO,IGAC,Unitropico,more,
ZARZ,ZARZ00COL,Zarzal,Colombia,active,MAGNA-ECO,IGAC,more,
